OBJECTID,Site,Region,Plot,Date,RTK_Waypoint,Elevation_NAVD88m,Longitude,Latitude,Total_Rockweed_Cover____,Bare_Cover____,Ascophyllum_nodosum,Chondrus__crispus,Fucus__vesiculosus,Grassileria,Saccharina,Ulva,Vertebrata_lanosa,Green_Algae,Unknown,Canopy_Depth__cm_,Canopy_Length___cm_,Ascophyllum_Age__yrs_,Substrate,Hardened,Plot_1_Alive_Oysters,Plot_1_Dead_Oysters,Plot_1_Mean_Oyster_Height__mm_,Plot_2_Alive_Oysters,Plot_2_Dead_Oysters,Plot_2_Mean_Oyster_Height__mm_,Plot_2__Direction,Oyster_Density______m2_,Total_Oyster_Boxes_Found,Plot_1_Alive_Blue_Mussels,Plot_1_Dead_Blue_Mussels,Plot_1_Mean_Blue_Mussel_Height__mm_,Plot_2_Alive_Blue_Mussels,Plot_2_Dead_Blue_Mussels,Plot_2_Mean_Blue_Mussel_Height__mm_,Plot_2___1,Blue_Mussel_Density______m2_,Total_Blue_Mussel_Boxes_Found,Blue_Mussel_Plot_Height__mm_,Plot_1_Alive_Ribbed_Mussels,Plot_1_Dead_Ribbed_Mussels,Plot_1_Mean_Ribbed_Mussel_Height__mm_,Plot_2_Alive_Ribbed_Mussels,Plot_2_Dead_Ribbed_Mussels,Plot_2_Mean_Ribbed_Mussel_Height__mm_,Plot_2___2,Ribbed_Mussel_Density______m2_,Total_Ribbed_Mussel_Boxes_Found,RibbedMussel_Plot_Height__mm_,Notes,BAI_Extracted,Lidar_Extracted,NDWI_Extracted,RBR_Extracted
1,Adams Point,Little Bay,1,9/27/2024,1,-0.023,-70.86422729,43.09375763,100,0,100,,,,,,,,,10,105,8,Cobble,No,4,2,27.25,,,,,11.42857143,2,0,0,,,,,,0,0,,0,0,,,,,,0,0,,,0.193675891,0.345150381,-0.193675891,0.024630541
2,Adams Point,Little Bay,2,9/27/2024,2,-0.033,-70.86421204,43.09378433,100,0,100,,,,,,,,,9,126,10,Cobble,No,2,4,33,,,,,5.714285714,4,0,0,,,,,,0,0,,0,0,,,,,,0,0,,,0.246913582,0.317627668,-0.246913582,0.04265403
3,Adams Point,Little Bay,3,9/27/2024,3,-0.419,-70.86419678,43.09384918,70,0,30,,40,10,,10,,10,,7,,,Gravel,No,1,1,31,,,,,2.857142857,1,0,0,,,,,,0,0,,0,0,,,,,,0,0,,No macroalgae rooted in plot,0.257142872,-0.031654928,-0.257142872,-0.005025126
4,Adams Point,Little Bay,4,9/27/2024,4,-0.074,-70.86425018,43.09391022,80,20,75,,5,,,,,,,5,103,9,Gravel,No,0,1,,1,27,,East,1.428571429,28,0,0,,0,0,,East,0,0,,0,0,,0,0,,East,0,0,,,0.259493679,0.289171576,-0.259493679,0.141463414
5,Adams Point,Little Bay,5,9/27/2024,5,-0.639,-70.86424255,43.09402466,100,0,100,,,,,,,,,8,6,4,Gravel,No,0,0,,1,38,,East,1.428571429,38,0,0,,0,0,,East,0,0,,0,0,,0,0,,East,0,0,,No bladders found on macroalgae to discern age,0.231746033,-0.705889702,-0.231746033,0.034825869
6,Jackson Lab Pier,Little Bay,1,9/27/2024,6,-0.009,-70.86460876,43.09198761,75,25,75,,,,,,,,,10,59,7,Boulder,Yes,0,1,50,0,0,,,0,1,0,0,,,,,,0,0,,0,0,,,,,,0,0,,,0.142857149,0.310403943,-0.142857149,0.035211269
7,Jackson Lab Pier,Little Bay,2,9/27/2024,7,-0.486,-70.86457825,43.09196091,98,0,98,,,,,,,2,,4,73,8,Boulder,Yes,4,6,,,,,,11.42857143,6,0,0,,,,,,0,0,,0,0,,,,,,0,0,,,0.163323775,-0.084642604,-0.163323775,0.057553958
8,Jackson Lab Pier,Little Bay,3,9/27/2024,8,0.043,-70.86455536,43.09200668,95,5,95,,,,,,,,,7,70,7,Boulder,Yes,0,3,35,2,0,39,East,2.857142857,3,0,0,,0,0,,East,0,0,,0,0,,0,0,,East,0,0,,,0.154696137,0.309419513,-0.154696137,0.074183978
9,Jackson Lab Pier,Little Bay,4,9/27/2024,9,-0.364,-70.86448669,43.09202576,98,0,98,,,,,,,2,,9,87,11,Boulder,Yes,2,4,,,,,,5.714285714,4,1,0,58,,,,,2.857142857,0,58,0,0,,,,,,0,0,,,0.193415642,0.134278849,-0.193415642,0.059360731
10,Jackson Lab Pier,Little Bay,5,9/27/2024,10,0.026,-70.86456299,43.0920105,70,30,70,,,,,,,,,7,50,5,Gravel,Yes,0,1,,0,0,,East,0,1,0,0,,0,0,,East,0,0,,0,0,,0,0,,East,0,0,,,0.158774376,0.382906049,-0.158774376,0.065420561
11,Bunker Creek,Oyster River,1,9/30/2024,11,0.034,-70.88600159,43.13345337,80,20,20,,60,,,,,,,6,34,5,Cobble,Yes,0,0,,0,1,,East,0,1,0,0,,0,0,,East,0,0,,0,0,,0,0,,East,0,0,,Plot on culvert infrastructure,-0.144444451,0.489048541,0.144444451,0.067961164
12,Bunker Creek,Oyster River,2,9/30/2024,12,-0.088,-70.88605499,43.13348389,75,25,20,,55,,,,,,,6,24,4,Cobble,Yes,0,0,,0,1,,East,0,1,0,0,,0,0,,East,0,0,,0,0,,1,1,15,East,1.428571429,1,15,Plot on culvert infrastructure,-0.128767118,0.382714868,0.128767118,0.046454769
13,Bunker Creek,Oyster River,3,9/30/2024,13,0.347,-70.88592529,43.13339615,90,10,90,,,,,,,,,6,47,8,Boulder,No,1,0,,41,,,,2.857142857,0,0,0,,,,,,0,0,,0,0,,1,0,52,,0,0,52,,0.069767445,0.312638044,-0.069767445,-0.065789476
14,Bunker Creek,Oyster River,4,9/30/2024,15,0.139,-70.88595581,43.13336182,85,15,85,,,,,,,,,5,44,9,Boulder,No,0,7,,2,7,54.5,North,2.857142857,14,0,0,,0,0,,North,0,0,,1,0,54,1,0,61,North,2.857142857,0,61,,0.100000001,-0.331398666,-0.100000001,0.029787235
15,Bunker Creek,Oyster River,5,9/30/2024,14,0.284,-70.88596344,43.13331223,87,13,80,,7,,,,,,,5,47,9,Boulder,No,0,1,,2,0,31.5,North,2.857142857,1,0,0,,0,0,,North,0,0,,0,0,,3,0,69,North,4.285714286,0,69,,0.191222563,-0.343349427,-0.191222563,0.058064517
16,Cedar Point,Bellamy River,1,10/3/2024,17,0.226,-70.85224915,43.13021088,95,5,95,,,,,,,,,14,77,8,Cobble,Yes,1,1,45,,,,,2.857142857,1,0,0,,,,,,0,0,,0,0,,,,,,0,0,,,0.081967212,0.779749215,-0.081967212,0
17,Cedar Point,Bellamy River,2,10/3/2024,21,0.367,-70.85220337,43.13019562,95,5,90,,5,,,,,,,9,101,8,Boulder,Yes,0,0,,0,0,,East,0,0,0,0,,0,0,,East,0,0,,0,0,,0,0,,East,0,0,,,0.021806853,0.66642952,-0.021806853,0.041825093
18,Cedar Point,Bellamy River,3,10/3/2024,18,-0.231,-70.85205841,43.13018417,100,0,100,,,,,,,,,7,63,7,Boulder,No,1,0,38,,,,,2.857142857,0,0,0,,,,,,0,0,,0,0,,,,,,0,0,,Plot seaward of hardened infrastructure in mudflat,0.07333333,-0.111405872,-0.07333333,0.007407407
19,Cedar Point,Bellamy River,4,10/3/2024,19,-0.021,-70.85197449,43.13014603,98,2,96,,2,,,,,,,6,101,7,Boulder,Yes,0,1,,0,0,,East,0,1,0,0,,0,0,,East,0,0,,0,0,,0,0,,East,0,0,,,0.092024542,0.03007916,-0.092024542,0.111940302
20,Cedar Point,Bellamy River,5,10/3/2024,20,-0.404,-70.85185242,43.13013077,100,0,85,,15,,,,,,,7,102,8,Cobble,No,1,0,39,,,,,2.857142857,0,0,0,,,,,,0,0,,0,0,,,,,,0,0,,Plot seaward of hardened infrastructure in mudflat,0.20714286,-0.196602315,-0.20714286,0.047297299
21,Route 16 Northwest,Piscataqua River,1,10/8/2024,23,0.105,-70.826828,43.12072372,62,38,60,,2,,,,,,,8,9,,Mudflat - Sand,No,0,0,,0,0,,East,0,0,0,0,,0,0,,East,0,0,,0,0,,0,0,,East,0,0,,"No Ascophyllum rooted in plot, Fucus measured",0.144414172,-0.081654087,-0.144414172,-0.004405286
22,Route 16 Northwest,Piscataqua River,2,10/8/2024,25,-0.134,-70.82676697,43.12070084,98,2,98,,,,,,,,,15,114,16,Mudflat - Sand,No,0,0,,0,0,,East,0,0,0,0,,0,0,,East,0,0,,0,0,,0,0,,East,0,0,,,0.185983822,-0.177623674,-0.185983822,0.041666668
23,Route 16 Northwest,Piscataqua River,3,10/8/2024,24,-0.54,-70.8266983,43.12069702,100,0,99,,1,,,,,,,8,31,4,Gravel,No,0,0,,0,0,,East,0,0,0,0,,0,0,,East,0,0,,0,0,,0,0,,East,0,0,,,0.269624561,-0.558217585,-0.269624561,0.021276595
24,Route 16 Northwest,Piscataqua River,4,10/8/2024,26,-0.442,-70.82662201,43.12060165,100,0,100,,,,,,,,,15,89,11,Boulder,Yes,0,0,,0,0,,East,0,0,1,0,46,1,0,46,East,2.857142857,0,46,0,0,,0,0,,East,0,0,,Plot on boulders part of shoreline armoring,0.28990227,-0.525653303,-0.28990227,0.03846154
25,Route 16 Northwest,Piscataqua River,5,10/8/2024,32,-0.727,-70.82663727,43.12067795,95,5,95,,,,,,,,,6,30,5,Gravel,No,0,0,,0,0,,East,0,0,0,0,,0,0,,East,0,0,,0,0,,0,0,,East,0,0,,,0.232876718,-0.707462728,-0.232876718,-0.072796933
26,Dover Point,Cocheco - Salmon Falls Rivers,1,10/8/2024,27,-0.446,-70.82918549,43.12405777,80,20,80,,,,,,,,,10,,,Mudflat - Sand,No,0,0,,0,0,,East,0,0,0,0,,0,0,,East,0,0,,0,0,,0,0,,East,0,0,,No macroalgae rooted in plot,0.157894731,-0.431652129,-0.157894731,0.027027028
27,Dover Point,Cocheco - Salmon Falls Rivers,2,10/8/2024,28,-0.491,-70.82923126,43.12417603,100,0,100,,,,,,,,,12,32,5,Mudflat - Sand,No,0,0,,0,0,,East,0,0,0,0,,0,0,,East,0,0,,0,0,,0,0,,East,0,0,,,0.203296706,-0.468830824,-0.203296706,0.040540539
28,Dover Point,Cocheco - Salmon Falls Rivers,3,10/8/2024,29,-0.485,-70.82919312,43.12422562,95,5,95,,,,,,,,,9,133,13,Boulder,No,0,0,,0,0,,East,0,0,0,0,,0,0,,East,0,0,,0,0,,0,0,,East,0,0,,,0.303135902,-0.669812322,-0.303135902,-0.060109291
29,Dover Point,Cocheco - Salmon Falls Rivers,4,10/8/2024,30,-0.483,-70.8292923,43.1243248,100,0,100,,,,,,,,,13,166,13,Boulder,No,0,0,,0,1,,East,0,1,0,0,,0,0,,East,0,0,,0,0,,0,0,,East,0,0,,,0.235880405,-0.42746824,-0.235880405,0.091954023
30,Dover Point,Cocheco - Salmon Falls Rivers,5,10/8/2024,31,-0.273,-70.82946014,43.12432098,100,0,100,,,,,,,,,10,46,9,Boulder,No,0,0,,0,0,,East,0,0,0,0,,0,0,,East,0,0,,0,0,,0,0,,East,0,0,,Oyster just outside plot,0.232876718,-0.258532226,-0.232876718,0.017064847
31,Newcastle Ave,Portsmouth Harbor & Seavey Island,1,10/28/2024,33,-0.929,-70.73221588,43.07197571,90,10,10,,80,,,,,,,8,6,6,Gravel,No,0,0,,0,0,,East,0,0,0,0,,0,0,,East,0,0,,0,0,,0,0,,East,0,0,,,-0.204301074,-1.197446108,0.204301074,-0.032258064
32,Newcastle Ave,Portsmouth Harbor & Seavey Island,2,10/28/2024,34,0.151,-70.73213196,43.07192612,95,5,95,,,,,,,,,6,14,14,Boulder,Yes,0,0,,0,0,,East,0,0,0,0,,0,0,,East,0,0,,0,0,,0,0,,East,0,0,,,0.350819677,-0.314026535,-0.350819677,-0.069958851
33,Newcastle Ave,Portsmouth Harbor & Seavey Island,3,10/28/2024,35,-1.034,-70.73205566,43.07196045,92,8,62,,30,,,,,,,6,5,5,Boulder,No,0,0,,0,0,,East,0,0,0,0,,0,0,,East,0,0,,0,0,,0,0,,East,0,0,,,-0.25373134,-1.218275666,0.25373134,-0.04587156
34,Newcastle Ave,Portsmouth Harbor & Seavey Island,4,10/28/2024,36,-0.817,-70.73194885,43.07192993,97,3,95,,2,,,,,,,7,8,8,Mudflat - Sand,No,0,0,,0,0,,East,0,0,0,0,,0,0,,East,0,0,,0,0,,0,0,,East,0,0,,,-0.223880604,-1.009048462,0.223880604,0.049056605
35,Newcastle Ave,Portsmouth Harbor & Seavey Island,5,10/28/2024,37,-0.494,-70.73187256,43.07190323,100,0,100,,,,,,,,,18,13,13,Boulder,Yes,0,0,,0,0,,East,0,0,0,0,,0,0,,East,0,0,,0,0,,0,0,,East,0,0,,,0.353951901,-0.845853388,-0.353951901,-0.069230773
36,Newcastle Commons,Portsmouth Harbor & Seavey Island,1,10/28/2024,38,-1.047,-70.71176147,43.06977081,65,10,60,,5,,,,25,,,4,42,8,Boulder,No,0,0,,0,0,,North,0,0,0,0,,0,0,,North,0,0,,0,0,,0,0,,North,0,0,,,0.253246754,-1.020251036,-0.253246754,0
37,Newcastle Commons,Portsmouth Harbor & Seavey Island,2,10/28/2024,39,-1.162,-70.7116394,43.06979752,78,2,25,5,53,,,,15,,,6,5,,Boulder,No,0,0,,0,0,,North,0,0,0,0,,0,0,,North,0,0,,0,0,,0,0,,North,0,0,,"Canopy length from seaweed Chondrus crispus - no rockweed in plot,
Plot was partially a tidepool",0.29192546,-0.850533128,-0.29192546,-0.06122449
38,Newcastle Commons,Portsmouth Harbor & Seavey Island,3,10/28/2024,40,-0.477,-70.71157074,43.06985092,93,0,90,,3,,,,7,,,12,57,7,Boulder,No,0,0,,0,0,,North,0,0,0,0,,0,0,,North,0,0,,0,0,,0,0,,North,0,0,,,0.273809522,-0.156464055,-0.273809522,0.054151624
39,Newcastle Commons,Portsmouth Harbor & Seavey Island,4,10/28/2024,41,-0.276,-70.71148682,43.06988907,98,0,98,,,,,,2,,,8,102,10,Boulder,No,0,0,,0,0,,North,0,0,3,0,25,2,0,48.5,North,7.142857143,0,34.4,0,0,,0,0,,North,0,0,,,0.311178237,0.076602496,-0.311178237,0.019607844
40,Newcastle Commons,Portsmouth Harbor & Seavey Island,5,10/28/2024,42,0.087,-70.71141815,43.06996155,99,0,98,,1,,,,1,,,4,107,10,Boulder,No,0,0,,0,0,,North,0,0,0,0,,0,0,,North,0,0,,0,0,,0,0,,North,0,0,,,0.306859195,0.146961555,-0.306859195,0.033613447
41,Hilton Park,Little Bay,1,10/28/2024,43,-0.923,-70.82807159,43.11905289,98,2,98,,,,,,,,,12,88,8,Boulder,No,0,0,,0,0,,East,0,0,0,0,,0,0,,East,0,0,,0,0,,0,0,,East,0,0,,,0.218130305,-0.964851618,-0.218130305,-0.071428575
42,Hilton Park,Little Bay,2,10/28/2024,44,-0.984,-70.82796478,43.1190033,94,2,94,,,,,4,,,,12,96,9,Gravel,No,0,0,,0,0,,East,0,0,6,0,51,5,0,55.6,East,15.71428571,0,57.63636364,0,0,,0,0,,East,0,0,,,0.368770778,-0.929246485,-0.368770778,-0.076271184
43,Hilton Park,Little Bay,3,10/28/2024,45,-0.868,-70.82781982,43.11906815,100,0,100,,,,,,,,,11,151,8,Gravel,No,0,0,,0,0,,East,0,0,2,1,65.5,3,0,55.33333333,East,7.142857143,1,59.4,0,0,,0,0,,East,0,0,,,0.277777791,-0.914241076,-0.277777791,-0.08791209
44,Hilton Park,Little Bay,4,10/28/2024,46,-0.779,-70.82784271,43.11913681,90,10,75,,15,,,,,,,12,47,7,Gravel,No,0,0,,0,0,,East,0,0,2,0,55.5,3,1,54.66666667,East,7.142857143,1,55,0,0,,0,0,,East,0,0,,,0.347560972,-0.688390076,-0.347560972,-0.084745765
45,Hilton Park,Little Bay,5,10/28/2024,47,-0.605,-70.82783508,43.11922073,85,15,82,,3,,,,,,,10,53,6,Cobble,No,0,0,,0,0,,East,0,0,2,1,44.5,4,1,56,East,8.571428571,2,52.16666667,0,0,,0,0,,East,0,0,,,0.358255446,-0.48890236,-0.358255446,-0.005649718
46,Seacoast Science Center,Portsmouth Harbor & Seavey Island,1,10/29/2024,53,0.015,-70.71189117,43.04402542,98,0,98,,,,,,2,,,16,128,10,Cobble,No,0,0,,0,0,,North,0,0,0,0,,0,0,,North,0,0,,,,,,,,North,0,0,,,0.27439025,-1.889763713,-0.27439025,-0.030303031
47,Seacoast Science Center,Portsmouth Harbor & Seavey Island,2,10/29/2024,54,-0.605,-70.71183777,43.04410553,96,0,96,,,,,,4,,,8,73,6,Cobble,No,0,0,,0,0,,North,0,0,0,0,,0,0,,North,0,0,,,,,,,,North,0,0,,,0.309904158,-1.889763713,-0.309904158,-0.025641026
48,Seacoast Science Center,Portsmouth Harbor & Seavey Island,3,10/29/2024,55,-0.872,-70.71179962,43.04417038,75,0,75,,,,,,25,,,11,4,,Cobble,No,0,0,,0,0,,North,0,0,0,0,,1,0,7,North,1.428571429,0,7,,,,,,,North,0,0,,"Only Chondrus crispus attached in plot, length from the red algae",0.277258575,-1.889763713,-0.277258575,-0.056910571
49,Seacoast Science Center,Portsmouth Harbor & Seavey Island,4,10/29/2024,56,-0.921,-70.71176147,43.04421616,48,9,8,30,40,,3,,10,,,8,47,,Cobble,No,0,0,,0,0,,North,0,0,0,0,,0,0,,North,0,0,,,,,,,,North,0,0,,Fucus measured for length,0.328571439,-1.889763713,-0.328571439,-0.095541403
50,Seacoast Science Center,Portsmouth Harbor & Seavey Island,5,10/29/2024,57,-0.944,-70.71176147,43.04429245,49,0,49,25,,,,1,25,,,11,7,,Cobble,No,0,0,,0,0,,North,0,0,0,0,,0,0,,North,0,0,,,,,,,,North,0,0,,"Only Chondrus crispus attached in plot, length from the red algae",0.101265825,-1.889763713,-0.101265825,-0.089820363
51,Wentworth Golf Course,Portsmouth Harbor & Seavey Island,1,10/29/2024,48,-0.067,-70.73005676,43.05361938,98,2,98,,,,,,,,,7,110,15,Boulder,No,0,0,,1,0,40,North,1.428571429,0,0,0,,0,0,,North,0,0,,0,0,,0,0,,North,0,0,,,0.242524922,-0.335429311,-0.242524922,0.115537852
52,Wentworth Golf Course,Portsmouth Harbor & Seavey Island,2,10/29/2024,49,0.052,-70.7299881,43.05366516,100,0,100,,,,,,,,,9,161,14,Boulder,No,0,0,,0,0,,North,0,0,0,0,,0,0,,North,0,0,,0,0,,0,0,,North,0,0,,,0.270029664,-0.043377392,-0.270029664,0.113924049
53,Wentworth Golf Course,Portsmouth Harbor & Seavey Island,3,10/29/2024,50,-0.213,-70.72979736,43.05375671,100,0,100,,,,,,,,,12,145,13,Boulder,No,0,0,,0,0,,North,0,0,0,0,,0,0,,North,0,0,,0,0,,0,0,,North,0,0,,,0.303030312,-0.268068433,-0.303030312,0.023076924
54,Wentworth Golf Course,Portsmouth Harbor & Seavey Island,4,10/29/2024,51,-0.69,-70.72975922,43.0538063,100,0,100,,,,,,,,,8,148,12,Boulder,No,0,0,,0,0,,North,0,0,0,0,,0,0,,North,0,0,,0,0,,0,0,,North,0,0,,,0.383050859,-0.829562187,-0.383050859,0.063829787
55,Wentworth Golf Course,Portsmouth Harbor & Seavey Island,5,10/29/2024,52,-1.187,-70.72984314,43.05385208,100,0,100,,,,,,,,,10,38,5,Boulder,No,0,0,,0,0,,North,0,0,4,0,52,4,0,56.5,North,11.42857143,0,54.25,0,0,,0,0,,North,0,0,,,0.223628685,-1.237288475,-0.223628685,0.088372096
56,Weeks Point,Great Bay,1,11/6/2024,58,-0.606,-70.88034821,43.05950928,40,60,40,,,,,,,,,3,,,Cobble,No,1,2,80,,,,,2.857142857,2,0,0,,,,,,0,0,,5,0,72.6,,,,,14.28571429,0,72.6,,0.097560972,-0.456381917,-0.097560972,-0.113513514
57,Weeks Point,Great Bay,2,11/6/2024,59,-0.703,-70.8804245,43.05945969,85,15,85,,,,,,,,,4.5,25,4,Mudflat - Sand,No,0,0,,1,0,77,East,1.428571429,0,0,0,,0,0,,East,0,0,,1,0,33,2,0,87,East,4.285714286,0,69,,-0.306930691,-0.645680666,0.306930691,-0.012145749
58,Weeks Point,Great Bay,3,11/6/2024,60,-0.31,-70.88050079,43.05935669,90,10,90,,,,,,,,,4,,,Mudflat - Sand,No,1,0,85,,,,,2.857142857,0,0,0,,,,,,0,0,,3,0,63.33333333,,,,,8.571428571,0,63.33333333,,0.123893805,-0.226341888,-0.123893805,-0.028571429
59,Weeks Point,Great Bay,4,11/6/2024,61,-0.383,-70.88058472,43.05932236,95,5,95,,,,,,,,,7,92,7,Boulder,No,8,4,56.125,,,,,22.85714286,4,0,0,,,,,,0,0,,9,0,72,,,,,25.71428571,0,72,,0.102362208,-0.305385858,-0.102362208,-0.00877193
60,Weeks Point,Great Bay,5,11/6/2024,62,-0.397,-70.88066101,43.05926132,75,25,75,,,,,,,,,5,88,8,Boulder,No,1,2,83,,,,,2.857142857,2,0,0,,,,,,0,0,,19,0,69.4,1,,58,,54.28571429,0,68.85714286,,0.079245284,-0.273517579,-0.079245284,-0.020576132
61,Bracketts Point,Great Bay,1,11/6/2024,63,-0.17,-70.87391663,43.06005096,100,0,100,,,,,,,,,6,84,7,Boulder,No,2,0,39.5,,,,,5.714285714,0,0,0,,,,,,0,0,,3,0,55.33333333,,,,,8.571428571,0,55.33333333,,0.209459454,-0.175862387,-0.209459454,0.241379306
62,Bracketts Point,Great Bay,2,11/6/2024,65,-0.893,-70.87399292,43.06008148,3,97,3,,,,,,,,,2,,,Gravel,No,3,1,58,,,,,8.571428571,1,0,0,,,,,,0,0,,1,0,44,,,,,2.857142857,0,44,,-0.10204082,-1.183988094,0.10204082,0.016574586
63,Bracketts Point,Great Bay,3,11/6/2024,65,-0.484,-70.8740921,43.06001282,100,0,100,,,,,,,,,8,133,14,Boulder,No,5,1,46,,,,,14.28571429,1,0,0,,,,,,0,0,,4,0,68.25,,,,,11.42857143,0,68.25,,0.165803105,-0.415510446,-0.165803105,0.042105265
64,Bracketts Point,Great Bay,4,11/6/2024,66,-0.833,-70.87428284,43.05999374,80,20,80,,,,,,,,,8,33,6,Boulder,No,2,1,62.5,,,,,5.714285714,1,0,0,,,,,,0,0,,2,0,71,,,,,5.714285714,0,71,,0.142857149,-1.499923706,-0.142857149,0.126050428
65,Bracketts Point,Great Bay,5,11/6/2024,67,-0.286,-70.8741684,43.05988693,100,0,100,,,,,,,,,7,96,8,Boulder,No,1,0,47,,,,,2.857142857,0,0,0,,,,,,0,0,,16,0,51.9375,,,,,45.71428571,0,51.9375,,0.200000003,-0.322889954,-0.200000003,0.043478262
66,Footman Island,Great Bay,1,11/7/2024,68,-0.109,-70.87135315,43.08639526,100,0,100,,,,,,,,,12,94,10,Boulder,No,0,0,,1,0,43,North,1.428571429,0,0,0,,0,0,,North,0,0,,0,0,,0,0,,North,0,0,,Secondary substrare - Cobble,0.217391297,-1.499923706,-0.217391297,0.034782607
67,Footman Island,Great Bay,2,11/7/2024,69,-0.352,-70.87137604,43.0863266,100,0,100,,,,,,,,,14,112,10,Boulder,No,3,2,40.66666667,,,,,8.571428571,2,0,0,,,,,,0,0,,0,0,,,,,,0,0,,,0.301886797,-1.499923706,-0.301886797,0.041860465
68,Footman Island,Great Bay,3,11/7/2024,70,-0.473,-70.87142181,43.0862999,100,0,100,,,,,,,,,8,102,9,Cobble,No,0,1,,3,0,44.33333333,North,4.285714286,1,0,0,,0,0,,North,0,0,,1,0,73,0,0,,North,1.428571429,0,73,Note - substrate shifted to Boulder for Plot 2,0.28930819,-1.499923706,-0.28930819,0.107843138
69,Footman Island,Great Bay,4,11/7/2024,72,-0.352,-70.87163544,43.08623123,100,0,100,,,,,,,,,9,113,8,Cobble,No,4,0,60,,,,,11.42857143,0,0,0,,,,,,0,0,,2,0,64,,,,,5.714285714,0,64,,0.333333343,-1.499923706,-0.333333343,0.027932961
70,Footman Island,Great Bay,5,11/7/2024,71,-0.373,-70.87197876,43.08625793,97,3,82,,15,,,,,,,4,,,Cobble,No,2,0,50,,,,,5.714285714,0,0,0,,,,,,0,0,,2,0,74,,,,,5.714285714,0,74,No rockweed rooted in the substrate,0.359735966,-1.499923706,-0.359735966,0.072072074
71,Woodman Point,Great Bay,1,11/7/2024,73,-0.605,-70.8613205,43.07144547,87,13,87,,,,,,,,,9,33,4,Boulder,No,4,0,39.25,,,,,11.42857143,0,0,0,,,,,,0,0,,0,0,,,,,,0,0,,Note - Fucus was longest rockweed in plot; Ascophyllum was 29 cm,0.205479458,-0.361865759,-0.205479458,0.022222223
72,Woodman Point,Great Bay,2,11/7/2024,74,-0.372,-70.86141205,43.07139969,93,5,90,,3,,,2,,,,5,92,7,Cobble,No,3,3,58.33333333,,,,,8.571428571,3,0,0,,,,,,0,0,,4,0,54.25,,,,,11.42857143,0,54.25,,0.179775283,-0.176094294,-0.179775283,0.07692308
73,Woodman Point,Great Bay,3,11/7/2024,75,-0.117,-70.86151886,43.07130814,96,2,96,,,,,2,,,,6,118,9,Boulder,No,2,0,41.5,,,,,5.714285714,0,0,0,,,,,,0,0,,0,0,,,,,,0,0,,,0.187251002,-0.035040576,-0.187251002,0.053658538
74,Woodman Point,Great Bay,4,11/7/2024,76,-0.454,-70.86162567,43.07134247,100,0,100,,,,,,,,,6,118,8,Boulder,No,4,1,44.75,,,,,11.42857143,1,0,0,,,,,,0,0,,14,0,54.42857143,,,,,40,0,54.42857143,,0.280487806,-0.458331615,-0.280487806,-0.010989011
75,Woodman Point,Great Bay,5,11/7/2024,78,-0.77,-70.86182404,43.0716362,15,23,15,,,45,,7,,,10,5,,,Mudflat - Sand,No,1,0,62,8,0,55.5,North,12.85714286,0,0,0,,0,0,,North,0,0,,1,0,66,1,0,80,North,2.857142857,0,73,Note- washer fell off boulder and we didn't feel the first plot was an accurate representation of the area/where the washer landed. Combined two plots,0.18727915,-0.715087354,-0.18727915,-0.032967035
76,Great Bay Refuge North,Little Bay,1,11/7/2024,79,-0.283,-70.85817719,43.09272766,100,0,100,,,,,,,,,13,117,11,Boulder,No,0,0,,0,0,,East,0,0,0,0,,0,0,,East,0,0,,0,0,,0,0,,East,0,0,,,0.254237294,-0.208640665,-0.254237294,-0.027322404
77,Great Bay Refuge North,Little Bay,2,11/7/2024,80,-0.598,-70.85826111,43.0926857,100,0,100,,,,,,,,,4,34,4,Boulder,No,2,0,70,,,,,5.714285714,0,0,0,,,,,,0,0,,0,0,,,,,,0,0,,,0.175384611,-0.425754756,-0.175384611,0.01369863
78,Great Bay Refuge North,Little Bay,3,11/7/2024,81,-0.466,-70.85832977,43.09261703,97,3,92,,5,,,,,,,6,78,7,Boulder,No,4,0,47.5,,,,,11.42857143,0,0,0,,,,,,0,0,,0,0,,,,,,0,0,,,0.267515928,-0.293919206,-0.267515928,0.024390243
79,Great Bay Refuge North,Little Bay,4,11/7/2024,82,0.223,-70.85825348,43.09260941,100,0,100,,,,,,,,,6,81,9,Boulder,No,0,0,,0,0,,East,0,0,0,0,,0,0,,East,0,0,,1,0,49,0,0,,East,1.428571429,0,49,,0.227642283,0.353472352,-0.227642283,0.089005239
80,Great Bay Refuge North,Little Bay,5,11/7/2024,83,-0.364,-70.85832977,43.09257889,100,0,98,,2,,,,,,,6,87,7,Boulder,No,0,0,,1,0,43,East,1.428571429,0,0,0,,0,0,,East,0,0,,0,0,,0,0,,East,0,0,,,0.233644858,-0.174544632,-0.233644858,0.204678357
81,Wagon Hill Farm West,Oyster River,1,11/20/2024,46*,-0.407,-70.87734844,43.12671286,85,15,85,,,,,,,,,3,NA,NA,Mudflat - Sand,No,0,0,,0,0,,East,0,0,0,0,,0,0,,East,0,0,,0,0,,0,0,,East,0,0,,"* these RTK Waypoints were accidently taken in a different project folder called ""rockweed"". Other RTK points are in the folder ""ROCKWEED FIELD""",0.04262295,-0.11629153,-0.04262295,0.062801935
82,Wagon Hill Farm West,Oyster River,2,11/20/2024,47*,-0.444,-70.87739158,43.12670528,95,5,95,,,,,,,,,6,123,10,Boulder,No,2,2,69.5,,,,,5.714285714,2,0,0,,,,,,0,0,,0,0,,,,,,0,0,,,0.115646258,-0.298939288,-0.115646258,0.089108914
83,Wagon Hill Farm West,Oyster River,3,11/20/2024,48*,-0.172,-70.87754699,43.12674094,95,5,95,,,,,,,,,10,61,6,Boulder,No,2,1,62.33333333,,,,,5.714285714,1,0,0,,,,,,0,0,,0,0,,,,,,0,0,,,0.1171875,-0.060539655,-0.1171875,0.072368421
84,Wagon Hill Farm West,Oyster River,4,11/20/2024,49*,-0.481,-70.87755735,43.12684823,70,30,70,,,,,,,,,5,40,6,Boulder,No,2,0,69,,,,,5.714285714,0,0,0,,,,,,0,0,,0,0,,,,,,0,0,,,0.145762712,-0.677850723,-0.145762712,0.091575094
85,Wagon Hill Farm West,Oyster River,5,11/20/2024,50*,-0.466,-70.87735901,43.12686382,60,40,60,,,,,,,,,5,63,7,Boulder,No,2,0,56.5,,,,,5.714285714,0,0,0,,,,,,0,0,,0,0,,,,,,0,0,,,0.155555561,-0.481231123,-0.155555561,0.076305218
86,Wagon Hill Farm East,Oyster River,1,11/20/2024,51*,-0.176,-70.86863514,43.12452073,100,0,100,,,,,,,,,3,46,5,Boulder,No,0,0,,0,0,,North,0,0,0,0,,0,0,,North,0,0,,0,0,,0,0,,North,0,0,,,0.102310233,-0.323246807,-0.102310233,0.138461545
87,Wagon Hill Farm East,Oyster River,2,11/20/2024,52*,-0.722,-70.86849188,43.12452574,75,25,75,,,,,,,,,5,74,9,Boulder,No,6,3,62.77777778,,,,,17.14285714,3,0,0,,,,,,0,0,,0,0,,,,,,0,0,,,0.180645168,-0.298199356,-0.180645168,0.084444441
88,Wagon Hill Farm East,Oyster River,3,11/20/2024,53*,-0.628,-70.86837658,43.12452651,95,5,95,,,,,,,,,5,52,7,Cobble,No,1,0,59,,,,,2.857142857,0,0,0,,,,,,0,0,,0,0,,,,,,0,0,,,0.133550495,-0.498409897,-0.133550495,0.127753302
89,Wagon Hill Farm East,Oyster River,4,11/20/2024,54*,-0.104,-70.86832747,43.12457776,100,0,100,,,,,,,,,6,107,9,Boulder,No,0,0,,0,0,,East,0,0,0,0,,0,0,,East,0,0,,0,0,,0,0,,East,0,0,,,0.133550495,0.007920359,-0.133550495,0.140562251
90,Wagon Hill Farm East,Oyster River,5,11/20/2024,55*,-0.246,-70.86824616,43.12465052,100,0,100,,,,,,,,,7,83,7,Gravel,No,0,0,,0,0,,North,0,0,0,0,,0,0,,North,0,0,,0,0,,0,0,,North,0,0,,,0.136645958,-0.103608392,-0.136645958,0.064935066
91,Four Tree Island,Portsmouth Harbor & Seavey Island,1,11/21/2024,84,-0.202,-70.74863185,43.07701957,100,0,97,,3,,,,,,,7,78,6,Gravel,No,0,0,,0,0,,,0,0,0,0,,0,0,,North,0,0,,0,0,,0,0,,,0,0,,,0.113402061,-0.228594556,-0.113402061,0.106666669
92,Four Tree Island,Portsmouth Harbor & Seavey Island,2,11/21/2024,85,-0.415,-70.74872595,43.07701088,100,0,100,,,,,,,,,10,128,14,Boulder,No,0,0,,0,0,,,0,0,0,0,,0,0,,North,0,0,,0,0,,0,0,,,0,0,,,0.21714285,-0.57870096,-0.21714285,0.082872927
93,Four Tree Island,Portsmouth Harbor & Seavey Island,3,11/21/2024,86,-0.654,-70.74864554,43.07708909,100,0,100,,,,,,,,,7,29,4,Mudflat - Sand,No,0,0,,0,0,,,0,0,0,0,,0,0,,North,0,0,,0,0,,0,0,,,0,0,,,-0.062730625,-0.663614094,0.062730625,0.067669176
94,Four Tree Island,Portsmouth Harbor & Seavey Island,4,11/21/2024,87,-0.335,-70.7485894,43.07715229,8,92,8,,,,,,,,,3,51,7,Boulder,No,0,0,,0,0,,,0,0,0,0,,0,0,,North,0,0,,0,0,,0,0,,,0,0,,,0.004291845,-0.296647787,-0.004291845,0.037800688
95,Four Tree Island,Portsmouth Harbor & Seavey Island,5,11/21/2024,88,0.075,-70.74857855,43.07723628,97,3,97,,,,,,,,,6,60,5,Boulder,No,0,0,,0,0,,,0,0,0,0,,0,0,,North,0,0,,0,0,,0,0,,,0,0,,,0.069767445,0.224624321,-0.069767445,0.041509435
96,Spur Road,Bellamy River,1,11/21/2024,89,-0.627,-70.84505261,43.12869866,90,10,90,,,,,,,,,9,102,10,Boulder,No,0,1,31,4,1,52,North,5.714285714,2,0,0,,0,0,,North,0,0,,0,0,,0,0,,North,0,0,,,0.157894731,-0.103711136,-0.157894731,0.042145595
97,Spur Road,Bellamy River,2,11/21/2024,90,-0.517,-70.84520931,43.12873553,95,5,95,,,,,,,,,5,83,9,Boulder,No,0,0,,0,0,,North,0,0,0,0,,0,0,,North,0,0,,0,0,,0,0,,North,0,0,,,-0.104166664,-0.249518156,0.104166664,0.159817353
98,Spur Road,Bellamy River,3,11/21/2024,91,-0.586,-70.84533192,43.1287342,60,40,60,,,,,,,,,7,NA,NA,Mud,No,0,0,,0,1,50,North,0,1,0,0,,0,0,,North,0,0,,0,0,,0,0,,North,0,0,,,0.03267974,0.029170293,-0.03267974,0.140684411
99,Spur Road,Bellamy River,4,11/21/2024,92,0.017,-70.84541517,43.12872332,90,10,90,,,,,,,,,6,76,9,Boulder,Yes,0,0,,1,0,61,North,1.428571429,0,0,0,,0,0,,North,0,0,,0,0,,0,0,,North,0,0,,,0.095808387,0.208194554,-0.095808387,0.014285714
100,Spur Road,Bellamy River,5,11/21/2024,93,0.001,-70.84561002,43.12875917,80,20,80,,,,,,,,,8,75,12,Boulder,Yes,0,0,,0,0,,North,0,0,0,0,,0,0,,North,0,0,,1,0,66,0,0,,North,1.428571429,0,66,,0.089820363,0.410759032,-0.089820363,0.039999999
101,Hislop Field,Piscataqua River,1,11/22/2024,56*,0.437,-70.77030182,43.09291077,75,25,75,,,,,,,,,11,114,14,Boulder,No,0,0,,0,0,,East,0,0,0,0,,0,0,,East,0,0,,0,0,,0,0,,East,0,0,,,0.236111104,0.351983041,-0.236111104,-0.048192769
102,Hislop Field,Piscataqua River,2,11/22/2024,57*,0.805,-70.77038574,43.09291077,95,5,95,,,,,,,,,11,41,5,Cobble,No,0,0,,0,0,,East,0,0,0,0,,0,0,,East,0,0,,0,0,,0,0,,East,0,0,,,0.227722779,0.753485918,-0.227722779,-0.048780486
103,Hislop Field,Piscataqua River,3,11/22/2024,58*,0.076,-70.7703476,43.09295273,97,3,95,,2,,,,,,,13,105,13,Boulder,No,0,0,,0,0,,East,0,0,11,0,49.27272727,2,0,52,East,18.57142857,0,49.69230769,0,0,,0,0,,East,0,0,,,0.265017658,-0.285927057,-0.265017658,0.024390243
104,Hislop Field,Piscataqua River,4,11/22/2024,59*,-0.473,-70.77027893,43.09295273,65,35,65,,,,,,,,,9,91,9,Cobble,No,0,0,,0,0,,East,0,0,4,0,55.5,4,0,57.75,East,11.42857143,0,56.625,0,0,,0,0,,East,0,0,,,0.267080754,-0.463539869,-0.267080754,-0.093525179
105,Hislop Field,Piscataqua River,5,11/22/2024,60*,-0.282,-70.77018738,43.09290314,100,0,100,,,,,,,,,9,140,15,Gravel,No,0,0,,0,0,,East,0,0,0,0,,0,0,,East,0,0,,0,0,,0,0,,East,0,0,,,0.204747781,-0.413939238,-0.204747781,-0.030075189
106,Patterson Lane,Piscataqua River,1,11/22/2024,61*,-0.075,-70.80393219,43.1096077,70,30,70,,,,,,,,,4,13,4,Boulder,Yes,0,0,,0,0,,North,0,0,0,0,,0,0,,North,0,0,,0,0,,0,0,,North,0,0,,,0.157894731,-0.113119073,-0.157894731,0.010989011
107,Patterson Lane,Piscataqua River,2,11/22/2024,62*,0.235,-70.80380249,43.10964203,100,0,100,,,,,,,,,7,50,8,Boulder,Yes,0,0,,0,0,,North,0,0,0,0,,0,0,,North,0,0,,0,0,,0,0,,North,0,0,,,0.270758122,-0.20676598,-0.270758122,0.025316456
108,Patterson Lane,Piscataqua River,3,11/22/2024,63*,-0.439,-70.80371857,43.10969543,100,0,100,,,,,,,,,5,166,17,Boulder,Yes,0,0,,0,0,,North,0,0,0,0,,0,0,,North,0,0,,0,0,,0,0,,North,0,0,,,0.287356317,-0.575904489,-0.287356317,-0.035532996
109,Patterson Lane,Piscataqua River,4,11/22/2024,64*,0.006,-70.80365753,43.1096611,95,5,95,,,,,,,,,7,79,10,Cobble,No,0,0,,0,0,,East,0,0,0,0,,0,0,,East,0,0,,0,0,,0,0,,East,0,0,,,0.285714298,-0.074318886,-0.285714298,-0.025
110,Patterson Lane,Piscataqua River,5,11/22/2024,65*,-0.292,-70.80361938,43.10966873,100,0,100,,,,,,,,,6,137,15,Boulder,Yes,0,0,,0,0,,East,0,0,0,0,,0,0,,East,0,0,,0,0,,0,0,,East,0,0,,,0.346666664,-0.41437009,-0.346666664,-0.010204081
111,Dead Duck Boat Ramp,Piscataqua River,1,12/6/2024,94,-0.827,-70.79918092,43.11431036,80,20,,,80,,,,,,,7,43,NA,Cobble,No,0,0,,0,0,,East,0,0,0,0,,0,0,,East,0,0,,0,0,,0,0,,East,0,0,,,-0.32432431,-0.735457897,0.32432431,0.031111112
112,Dead Duck Boat Ramp,Piscataqua River,2,12/6/2024,95,-0.707,-70.79916844,43.11436486,40,60,,,40,,,,,,,7,31,NA,Cobble,No,0,0,,0,0,,East,0,0,0,0,,0,0,,East,0,0,,0,0,,0,0,,East,0,0,,,-0.260273963,-0.610801399,0.260273963,0.015267176
113,Dead Duck Boat Ramp,Piscataqua River,3,12/6/2024,96,-0.237,-70.7991327,43.1144294,60,40,60,,,,,,,,,8,48,5,Cobble,No,0,0,,0,0,,East,0,0,0,0,,0,0,,East,0,0,,0,0,,0,0,,East,0,0,,,-0.216494843,-0.26894632,0.216494843,0.098591551
114,Dead Duck Boat Ramp,Piscataqua River,4,12/6/2024,97,0.265,-70.79905224,43.11444032,95,5,95,,,,,,,,,6,64,5,Cobble,No,0,0,,0,0,,East,0,0,0,0,,0,0,,East,0,0,,0,0,,0,0,,East,0,0,,,-0.035714287,0.22065939,0.035714287,0.229885057
115,Dead Duck Boat Ramp,Piscataqua River,5,12/6/2024,98,-0.986,-70.79920608,43.11437825,50,50,,,50,,,,,,,5,44,NA,Cobble,No,0,0,,0,0,,East,0,0,0,0,,0,0,,East,0,0,,0,0,,0,0,,East,0,0,,,-0.32432431,-1.133338094,0.32432431,0.020408163
116,Carters Rock,Little Bay,1,12/13/2024,99,0.236,-70.84266562,43.11272736,97,3,97,,,,,,,,,3,52,7,Gravel,No,0,0,,0,0,,North,0,0,0,0,,0,0,,North,0,0,,0,0,,0,0,,North,0,0,,,-0.132420093,-0.013798204,0.132420093,0.02631579
117,Carters Rock,Little Bay,2,12/13/2024,100,-0.267,-70.84259818,43.11274743,45,55,40,,5,,,,,,,4,95,9,Gravel,No,0,0,,0,0,,North,0,0,0,0,,0,0,,North,0,0,,0,0,,0,0,,North,0,0,,,0.142857149,-0.381662428,-0.142857149,-0.007633588
118,Carters Rock,Little Bay,3,12/13/2024,101,-0.133,-70.8425341,43.11273729,100,0,100,,,,,,,,,12,60,10,Boulder,No,0,0,,2,0,33,North,2.857142857,0,0,0,,0,0,,North,0,0,,0,0,,0,0,,North,0,0,,,0.222222224,-0.46422103,-0.222222224,-0.042801555
119,Carters Rock,Little Bay,4,12/13/2024,102,-0.459,-70.84243002,43.11273427,98,0,98,,,,,,,,2,5,116,13,Boulder,No,0,0,,0,0,,North,0,0,0,0,,0,0,,North,0,0,,0,0,,0,0,,North,0,0,,,0.195402294,-0.402581483,-0.195402294,0.044247787
120,Carters Rock,Little Bay,5,12/13/2024,103,-0.37,-70.84232042,43.11272009,95,5,95,,,,,,,,,5,72,10,Boulder,No,0,0,,0,0,,North,0,0,0,0,,0,0,,North,0,0,,0,0,,0,0,,North,0,0,,,0.109756097,-0.503584564,-0.109756097,0.149758458
